사고번호,사고일시,요일,시군구,사고내용,사망자수,중상자수,경상자수,부상신고자수,사고유형,법규위반,노면상태,기상상태,도로형태,가해운전자 차종,가해운전자 성별,가해운전자 연령,가해운전자 상해정도,피해운전자 차종,피해운전자 성별,피해운전자 연령,피해운전자 상해정도
2018070700100260,2018년 7월 7일 12시,토요일,세종특별자치시 세종특별자치시 장군면,경상사고,0,0,2,0,차대차 - 정면충돌,안전운전불이행,건조,맑음,교차로 - 교차로부근,승용,남,20세,상해없음,화물,남,48세,경상
2018070700100441,2018년 7월 7일 17시,토요일,세종특별자치시 세종특별자치시 금남면,경상사고,0,0,2,0,차대차 - 추돌,안전운전불이행,건조,맑음,단일로 - 기타,승용,남,35세,상해없음,승용,남,35세,상해없음
2018070700100533,2018년 7월 7일 19시,토요일,세종특별자치시 세종특별자치시 아름동,경상사고,0,0,1,0,차대차 - 추돌,안전운전불이행,건조,맑음,단일로 - 기타,승용,남,50세,상해없음,승용,여,41세,경상
2018070800100237,2018년 7월 8일 15시,일요일,세종특별자치시 세종특별자치시 조치원읍,중상사고,0,1,0,0,차대차 - 추돌,안전운전불이행,건조,맑음,교차로 - 교차로부근,승용,남,56세,상해없음,승용,여,26세,중상
2018071000100204,2018년 7월 10일 11시,화요일,세종특별자치시 세종특별자치시 도담동,경상사고,0,0,1,0,차대차 - 측면충돌,중앙선침범,건조,맑음,단일로 - 기타,이륜,남,36세,경상,승합,남,44세,상해없음
2018071000100398,2018년 7월 10일 17시,화요일,세종특별자치시 세종특별자치시 아름동,부상신고사고,0,0,0,1,차대차 - 측면충돌,안전운전불이행,건조,맑음,단일로 - 기타,승합,여,39세,상해없음,이륜,남,22세,부상신고
2018071200100213,2018년 7월 12일 11시,목요일,세종특별자치시 세종특별자치시 조치원읍,경상사고,0,0,1,0,차대차 - 측면충돌,신호위반,건조,맑음,교차로 - 교차로안,승용,여,58세,상해없음,승용,남,41세,경상
2018071200100459,2018년 7월 12일 18시,목요일,세종특별자치시 세종특별자치시 다정동,경상사고,0,0,3,0,차대차 - 기타,불법유턴,건조,맑음,단일로 - 기타,승용,남,55세,상해없음,승용,남,26세,경상
2018071200100601,2018년 7월 12일 23시,목요일,세종특별자치시 세종특별자치시 연동면,중상사고,0,1,0,0,차대차 - 측면충돌,신호위반,건조,맑음,교차로 - 교차로안,승용,여,47세,상해없음,승용,여,33세,중상
2018071300100006,2018년 7월 13일 00시,금요일,세종특별자치시 세종특별자치시 장군면,경상사고,0,0,1,0,차량단독 - 기타,안전운전불이행,건조,맑음,단일로 - 기타,승용,남,62세,상해없음,,,,
2018071300100477,2018년 7월 13일 18시,금요일,세종특별자치시 세종특별자치시 조치원읍,경상사고,0,0,1,0,차대사람 - 횡단중,보행자보호의무위반,건조,맑음,기타 - 기타,승합,남,44세,상해없음,보행자,남,75세,경상
2018071400100114,2018년 7월 14일 08시,토요일,세종특별자치시 세종특별자치시 장군면,중상사고,0,1,0,0,차대차 - 측면충돌,안전운전불이행,건조,맑음,교차로 - 교차로안,승용,여,46세,상해없음,이륜,남,82세,중상
2018071400100246,2018년 7월 14일 12시,토요일,세종특별자치시 세종특별자치시 나성동,중상사고,0,1,0,0,차대차 - 기타,기타,건조,맑음,단일로 - 기타,화물,남,61세,상해없음,자전거,여,20세,중상
2018071400100594,2018년 7월 14일 21시,토요일,세종특별자치시 세종특별자치시 도담동,경상사고,0,0,2,0,차대차 - 측면충돌,안전운전불이행,건조,흐림,단일로 - 기타,승용,여,47세,상해없음,승용,남,30세,경상
2018071500100013,2018년 7월 15일 00시,일요일,세종특별자치시 세종특별자치시 연기면,경상사고,0,0,3,0,차대차 - 측면충돌,신호위반,건조,흐림,교차로 - 교차로안,승용,여,36세,경상,화물,남,28세,경상
2018071500100358,2018년 7월 15일 18시,일요일,세종특별자치시 세종특별자치시 전의면,중상사고,0,1,0,0,차량단독 - 공작물충돌,안전운전불이행,건조,맑음,단일로 - 기타,승용,남,69세,중상,,,,
2018071500100403,2018년 7월 15일 20시,일요일,세종특별자치시 세종특별자치시 연동면,경상사고,0,0,1,0,차대차 - 기타,신호위반,건조,맑음,교차로 - 교차로안,승용,여,52세,상해없음,승용,여,34세,경상
2018071700100342,2018년 7월 17일 14시,화요일,세종특별자치시 세종특별자치시 조치원읍,중상사고,0,1,0,0,차대차 - 기타,안전운전불이행,건조,맑음,단일로 - 기타,자전거,여,80세,중상,화물,남,27세,상해없음
2018071700100436,2018년 7월 17일 16시,화요일,세종특별자치시 세종특별자치시 고운동,경상사고,0,0,1,0,차대차 - 추돌,안전운전불이행,건조,맑음,단일로 - 기타,승용,여,46세,상해없음,승용,남,35세,상해없음
2018071700100568,2018년 7월 17일 19시,화요일,세종특별자치시 세종특별자치시 조치원읍,경상사고,0,0,1,0,차대차 - 측면충돌,안전운전불이행,건조,맑음,교차로 - 교차로안,승용,남,49세,상해없음,승용,남,44세,경상
2018071800100083,2018년 7월 18일 07시,수요일,세종특별자치시 세종특별자치시 연서면,경상사고,0,0,1,0,차대차 - 기타,안전거리미확보,건조,맑음,단일로 - 기타,건설기계,남,53세,상해없음,화물,남,31세,경상
2018071800100084,2018년 7월 18일 07시,수요일,세종특별자치시 세종특별자치시 다정동,경상사고,0,0,2,0,차대차 - 추돌,안전운전불이행,건조,맑음,단일로 - 기타,승용,여,39세,상해없음,승용,남,44세,경상
2018071800100130,2018년 7월 18일 08시,수요일,세종특별자치시 세종특별자치시 어진동,중상사고,0,1,0,0,차대차 - 측면충돌,안전운전불이행,건조,맑음,교차로 - 교차로횡단보도내,승용,남,69세,상해없음,자전거,남,43세,중상
2018071900100423,2018년 7월 19일 16시,목요일,세종특별자치시 세종특별자치시 다정동,중상사고,0,1,0,0,차대차 - 추돌,안전운전불이행,건조,맑음,단일로 - 기타,화물,남,49세,상해없음,승용,남,39세,중상
2018071900100590,2018년 7월 19일 19시,목요일,세종특별자치시 세종특별자치시 장군면,경상사고,0,0,1,0,차대사람 - 기타,안전운전불이행,건조,맑음,단일로 - 기타,승용,남,42세,상해없음,보행자,남,5세,경상
2018071900100655,2018년 7월 19일 21시,목요일,세종특별자치시 세종특별자치시 조치원읍,중상사고,0,1,0,0,차대사람 - 횡단중,보행자보호의무위반,건조,맑음,단일로 - 기타,승합,남,44세,상해없음,보행자,여,14세,중상
2018072000100131,2018년 7월 20일 08시,금요일,세종특별자치시 세종특별자치시 종촌동,중상사고,0,1,0,0,차대사람 - 횡단중,보행자보호의무위반,건조,맑음,교차로 - 교차로안,승용,남,60세,상해없음,보행자,남,10세,중상
2018072000100132,2018년 7월 20일 08시,금요일,세종특별자치시 세종특별자치시 조치원읍,경상사고,0,0,2,0,차대차 - 추돌,안전운전불이행,건조,맑음,단일로 - 기타,승용,남,24세,상해없음,승용,남,47세,경상
2018072000100291,2018년 7월 20일 12시,금요일,세종특별자치시 세종특별자치시 금남면,경상사고,0,0,2,0,차대차 - 측면충돌,안전운전불이행,건조,맑음,단일로 - 기타,승용,여,42세,경상,화물,남,54세,경상
2018072000100333,2018년 7월 20일 13시,금요일,세종특별자치시 세종특별자치시 종촌동,경상사고,0,0,3,0,차대차 - 추돌,안전운전불이행,건조,맑음,교차로 - 교차로부근,화물,남,38세,상해없음,승용,남,39세,경상
2018072000100453,2018년 7월 20일 16시,금요일,세종특별자치시 세종특별자치시 조치원읍,중상사고,0,1,1,0,차대차 - 측면충돌,안전운전불이행,건조,맑음,교차로 - 교차로안,이륜,남,80세,경상,자전거,남,70세,중상
2018072000100581,2018년 7월 20일 18시,금요일,세종특별자치시 세종특별자치시 조치원읍,경상사고,0,0,1,0,차대차 - 측면충돌,신호위반,건조,맑음,교차로 - 교차로안,승용,여,70세,경상,화물,남,61세,상해없음
2018072100100013,2018년 7월 21일 00시,토요일,세종특별자치시 세종특별자치시 어진동,중상사고,0,1,0,0,차대차 - 측면충돌,안전운전불이행,건조,맑음,기타 - 기타,승용,남,31세,상해없음,승용,남,50세,중상
2018072100100218,2018년 7월 21일 11시,토요일,세종특별자치시 세종특별자치시 조치원읍,부상신고사고,0,0,0,1,차대차 - 기타,안전운전불이행,건조,맑음,단일로 - 기타,이륜,남,50세,상해없음,자전거,여,37세,부상신고
2018072200100374,2018년 7월 22일 18시,일요일,세종특별자치시 세종특별자치시 종촌동,경상사고,0,0,1,0,차대차 - 측면충돌,신호위반,건조,맑음,교차로 - 교차로안,승용,여,49세,상해없음,승용,남,32세,경상
2018072300100023,2018년 7월 23일 02시,월요일,세종특별자치시 세종특별자치시 연기면,중상사고,0,1,0,0,차량단독 - 전도전복 - 전도,안전운전불이행,건조,맑음,단일로 - 기타,이륜,여,46세,중상,미분류,미분류,미분류,미분류
2018072400100168,2018년 7월 24일 09시,화요일,세종특별자치시 세종특별자치시 나성동,경상사고,0,0,2,0,차대차 - 측면충돌,안전운전불이행,젖음/습기,맑음,단일로 - 기타,승용,남,60세,상해없음,승용,여,44세,경상
2018072400100247,2018년 7월 24일 11시,화요일,세종특별자치시 세종특별자치시 조치원읍,중상사고,0,1,0,0,차대차 - 측면충돌,안전운전불이행,건조,맑음,교차로 - 교차로안,승용,여,45세,상해없음,이륜,여,68세,중상
2018072700100238,2018년 7월 27일 11시,금요일,세종특별자치시 세종특별자치시 부강면,중상사고,0,1,0,0,차대차 - 측면충돌,안전운전불이행,건조,맑음,교차로 - 교차로안,승용,남,56세,상해없음,이륜,남,76세,중상
2018072700100265,2018년 7월 27일 12시,금요일,세종특별자치시 세종특별자치시 보람동,경상사고,0,0,1,0,차대차 - 측면충돌,중앙선침범,건조,맑음,단일로 - 기타,이륜,남,55세,상해없음,승용,여,42세,경상
2018072700100307,2018년 7월 27일 13시,금요일,세종특별자치시 세종특별자치시 보람동,경상사고,0,0,1,0,차대차 - 측면충돌,안전운전불이행,건조,맑음,기타 - 기타,승용,여,44세,상해없음,승용,남,27세,경상
2018072700100429,2018년 7월 27일 16시,금요일,세종특별자치시 세종특별자치시 연기면,경상사고,0,0,2,0,차대차 - 측면충돌,안전운전불이행,건조,맑음,교차로 - 교차로안,승용,여,61세,경상,승용,남,57세,경상
2018072800100085,2018년 7월 28일 05시,토요일,세종특별자치시 세종특별자치시 어진동,경상사고,0,0,1,0,차대차 - 정면충돌,신호위반,건조,맑음,교차로 - 교차로안,승용,여,34세,상해없음,승용,남,44세,경상
2018072800100336,2018년 7월 28일 14시,토요일,세종특별자치시 세종특별자치시 소정면,경상사고,0,0,1,0,차대차 - 측면충돌,안전운전불이행,건조,맑음,단일로 - 기타,승용,여,26세,상해없음,승용,여,34세,경상
2018072900100181,2018년 7월 29일 12시,일요일,세종특별자치시 세종특별자치시 고운동,경상사고,0,0,1,0,차대차 - 추돌,안전운전불이행,건조,맑음,교차로 - 교차로부근,승용,남,49세,상해없음,승용,남,49세,상해없음
2018072900100372,2018년 7월 29일 18시,일요일,세종특별자치시 세종특별자치시 소담동,경상사고,0,0,2,0,차대차 - 측면충돌,안전거리미확보,건조,맑음,기타 - 기타,승용,남,51세,상해없음,화물,남,40세,경상
2018072900100431,2018년 7월 29일 20시,일요일,세종특별자치시 세종특별자치시 금남면,경상사고,0,0,1,0,차대차 - 측면충돌,안전운전불이행,건조,맑음,단일로 - 교량,승용,여,65세,상해없음,승용,남,40세,경상
2018073000100110,2018년 7월 30일 08시,월요일,세종특별자치시 세종특별자치시 연서면,중상사고,0,1,0,0,차대차 - 측면충돌,교차로운행방법위반,건조,맑음,교차로 - 교차로안,승용,남,43세,상해없음,이륜,남,75세,중상
2018073000100220,2018년 7월 30일 11시,월요일,세종특별자치시 세종특별자치시 나성동,경상사고,0,0,1,0,차대차 - 추돌,안전운전불이행,건조,맑음,단일로 - 기타,이륜,남,16세,경상,승용,남,61세,상해없음
2018073000100673,2018년 7월 30일 23시,월요일,세종특별자치시 세종특별자치시 조치원읍,중상사고,0,1,0,0,차대사람 - 기타,보행자보호의무위반,건조,맑음,교차로 - 교차로부근,승용,여,58세,상해없음,보행자,남,65세,중상
2018073100100184,2018년 7월 31일 10시,화요일,세종특별자치시 세종특별자치시 어진동,경상사고,0,0,2,0,차대차 - 측면충돌,안전운전불이행,건조,맑음,단일로 - 기타,건설기계,남,56세,상해없음,승용,여,32세,경상
2018080100100236,2018년 8월 1일 11시,수요일,세종특별자치시 세종특별자치시 연기면,중상사고,0,1,3,0,차대차 - 측면충돌,신호위반,건조,맑음,교차로 - 교차로안,승합,남,48세,상해없음,건설기계,남,63세,경상
2018080100100412,2018년 8월 1일 16시,수요일,세종특별자치시 세종특별자치시 아름동,중상사고,0,1,0,0,차대차 - 측면충돌,불법유턴,건조,맑음,기타 - 기타,승용,여,34세,상해없음,원동기,남,43세,중상
2018080100100606,2018년 8월 1일 21시,수요일,세종특별자치시 세종특별자치시 다정동,경상사고,0,0,4,0,차대차 - 추돌,안전운전불이행,건조,맑음,교차로 - 교차로부근,승용,남,54세,상해없음,승용,남,30세,경상
2018080200100607,2018년 8월 2일 22시,목요일,세종특별자치시 세종특별자치시 새롬동,경상사고,0,0,1,0,차대차 - 정면충돌,신호위반,건조,맑음,교차로 - 교차로안,승용,남,36세,상해없음,이륜,남,22세,경상
2018080300100568,2018년 8월 3일 21시,금요일,세종특별자치시 세종특별자치시 조치원읍,중상사고,0,1,0,0,차대차 - 측면충돌,안전운전불이행,건조,맑음,교차로 - 교차로안,승합,남,57세,상해없음,승용,여,66세,중상
2018080500100241,2018년 8월 5일 14시,일요일,세종특별자치시 세종특별자치시 조치원읍,경상사고,0,0,1,0,차대차 - 측면충돌,안전운전불이행,건조,맑음,교차로 - 교차로안,승용,여,35세,상해없음,승용,남,56세,경상
2018080700100162,2018년 8월 7일 10시,화요일,세종특별자치시 세종특별자치시 조치원읍,중상사고,0,1,0,0,차대차 - 측면충돌,안전운전불이행,건조,맑음,단일로 - 기타,승용,남,70세,상해없음,이륜,남,32세,중상
2018080700100295,2018년 8월 7일 14시,화요일,세종특별자치시 세종특별자치시 어진동,경상사고,0,0,3,0,차대차 - 기타,안전운전불이행,건조,맑음,단일로 - 기타,승용,남,26세,상해없음,승합,남,49세,경상
2018080700100406,2018년 8월 7일 17시,화요일,세종특별자치시 세종특별자치시 금남면,경상사고,0,0,1,0,차대차 - 추돌,안전운전불이행,건조,맑음,단일로 - 기타,승용,남,48세,상해없음,이륜,남,60세,경상
2018080700100587,2018년 8월 7일 23시,화요일,세종특별자치시 세종특별자치시 소정면,경상사고,0,0,2,0,차대차 - 기타,신호위반,건조,흐림,교차로 - 교차로안,승용,남,57세,상해없음,승용,남,27세,경상
2018080800100529,2018년 8월 8일 21시,수요일,세종특별자치시 세종특별자치시 도담동,중상사고,0,2,0,0,차대차 - 정면충돌,중앙선침범,건조,맑음,교차로 - 교차로안,이륜,남,18세,중상,이륜,남,18세,중상
2018080800100547,2018년 8월 8일 22시,수요일,세종특별자치시 세종특별자치시 조치원읍,중상사고,0,1,1,0,차대차 - 측면충돌,안전운전불이행,건조,맑음,교차로 - 교차로안,승합,남,55세,경상,승용,남,53세,중상
2018080900100120,2018년 8월 9일 08시,목요일,세종특별자치시 세종특별자치시 새롬동,중상사고,0,1,0,1,차대차 - 측면충돌,신호위반,건조,맑음,교차로 - 교차로안,화물,남,32세,기타불명,승용,남,49세,중상
2018080900100186,2018년 8월 9일 10시,목요일,세종특별자치시 세종특별자치시 새롬동,중상사고,0,1,0,0,차대사람 - 횡단중,신호위반,건조,맑음,교차로 - 교차로안,승용,여,56세,상해없음,보행자,남,8세,중상
2018080900100394,2018년 8월 9일 16시,목요일,세종특별자치시 세종특별자치시 조치원읍,경상사고,0,0,1,0,차대사람 - 기타,기타,건조,맑음,단일로 - 기타,승용,남,47세,상해없음,보행자,여,5세,경상
2018081000100574,2018년 8월 10일 20시,금요일,세종특별자치시 세종특별자치시 아름동,경상사고,0,0,1,0,차대사람 - 기타,안전운전불이행,건조,맑음,단일로 - 기타,승용,여,39세,상해없음,보행자,남,67세,경상
2018081100100152,2018년 8월 11일 09시,토요일,세종특별자치시 세종특별자치시 어진동,중상사고,0,1,0,0,차대사람 - 기타,안전운전불이행,건조,맑음,교차로 - 교차로부근,승용,여,65세,상해없음,보행자,남,64세,중상
2018081200100298,2018년 8월 12일 16시,일요일,세종특별자치시 세종특별자치시 연기면,중상사고,0,1,0,0,차대차 - 추돌,안전운전불이행,건조,맑음,단일로 - 교량,승용,남,24세,상해없음,승용,남,44세,중상
2018081300100006,2018년 8월 13일 00시,월요일,세종특별자치시 세종특별자치시 어진동,경상사고,0,0,1,0,차대차 - 측면충돌,신호위반,건조,맑음,교차로 - 교차로안,승용,남,25세,상해없음,승용,여,43세,경상
2018081300100453,2018년 8월 13일 17시,월요일,세종특별자치시 세종특별자치시 조치원읍,중상사고,0,1,0,0,차대차 - 측면충돌,안전운전불이행,건조,맑음,단일로 - 기타,화물,남,75세,상해없음,자전거,남,34세,중상
2018081300100551,2018년 8월 13일 19시,월요일,세종특별자치시 세종특별자치시 아름동,경상사고,0,0,1,0,차대차 - 정면충돌,중앙선침범,건조,맑음,단일로 - 기타,이륜,남,39세,기타불명,승용,여,30세,경상
2018081300100593,2018년 8월 13일 20시,월요일,세종특별자치시 세종특별자치시 조치원읍,중상사고,0,1,0,0,차대차 - 기타,신호위반,건조,맑음,기타 - 기타,승용,여,58세,상해없음,자전거,여,55세,중상
2018081300100594,2018년 8월 13일 20시,월요일,세종특별자치시 세종특별자치시 조치원읍,경상사고,0,0,1,0,차대차 - 기타,안전운전불이행,건조,맑음,교차로 - 교차로부근,승용,여,66세,상해없음,자전거,남,32세,경상
2018081400100604,2018년 8월 14일 21시,화요일,세종특별자치시 세종특별자치시 조치원읍,중상사고,0,1,8,0,차대차 - 정면충돌,안전운전불이행,건조,맑음,단일로 - 기타,승용,여,36세,상해없음,승용,남,53세,경상
2018081500100526,2018년 8월 15일 22시,수요일,세종특별자치시 세종특별자치시 조치원읍,경상사고,0,0,1,0,차대차 - 측면충돌,안전운전불이행,건조,맑음,단일로 - 기타,승용,남,58세,상해없음,승용,남,33세,경상
2018081600100414,2018년 8월 16일 16시,목요일,세종특별자치시 세종특별자치시 나성동,중상사고,0,1,1,0,차대차 - 기타,안전운전불이행,건조,맑음,기타 - 기타,이륜,남,24세,중상,자전거,남,12세,경상
2018081700100096,2018년 8월 17일 07시,금요일,세종특별자치시 세종특별자치시 아름동,경상사고,0,0,2,0,차대차 - 추돌,안전운전불이행,건조,맑음,교차로 - 교차로부근,화물,남,69세,경상,화물,남,57세,경상
2018081700100137,2018년 8월 17일 08시,금요일,세종특별자치시 세종특별자치시 고운동,중상사고,0,1,1,0,차대차 - 측면충돌,안전운전불이행,건조,맑음,교차로 - 교차로안,승용,여,40세,경상,승용,여,33세,중상
2018081700100535,2018년 8월 17일 18시,금요일,세종특별자치시 세종특별자치시 도담동,경상사고,0,0,1,0,차대차 - 추돌,안전운전불이행,건조,맑음,교차로 - 교차로부근,화물,남,51세,상해없음,승용,남,32세,경상
2018081800100233,2018년 8월 18일 11시,토요일,세종특별자치시 세종특별자치시 조치원읍,중상사고,0,1,0,0,차대차 - 측면충돌,안전운전불이행,건조,맑음,교차로 - 교차로안,특수,남,63세,상해없음,승용,남,68세,중상
2018081900100032,2018년 8월 19일 01시,일요일,세종특별자치시 세종특별자치시 연기면,중상사고,0,1,0,0,차대차 - 추돌,안전운전불이행,건조,맑음,단일로 - 기타,승용,남,29세,상해없음,승용,여,51세,중상
2018081900100266,2018년 8월 19일 14시,일요일,세종특별자치시 세종특별자치시 조치원읍,중상사고,0,1,0,0,차대사람 - 횡단중,신호위반,건조,맑음,단일로 - 기타,승용,남,57세,상해없음,보행자,여,71세,중상
2018081900100514,2018년 8월 19일 23시,일요일,세종특별자치시 세종특별자치시 새롬동,경상사고,0,0,3,0,차대차 - 추돌,안전운전불이행,건조,맑음,교차로 - 교차로부근,승용,남,18세,상해없음,승용,남,26세,경상
2018082100100132,2018년 8월 21일 08시,화요일,세종특별자치시 세종특별자치시 연서면,중상사고,0,1,0,0,차대차 - 기타,중앙선침범,건조,맑음,교차로 - 교차로부근,승용,남,42세,상해없음,이륜,남,38세,중상
2018082100100163,2018년 8월 21일 09시,화요일,세종특별자치시 세종특별자치시 연기면,경상사고,0,0,1,0,차대차 - 측면충돌,신호위반,건조,맑음,교차로 - 교차로안,승용,남,59세,상해없음,승합,남,53세,경상
2018082100100194,2018년 8월 21일 10시,화요일,세종특별자치시 세종특별자치시 연서면,사망사고,1,0,0,0,차대차 - 정면충돌,안전운전불이행,젖음/습기,흐림,단일로 - 기타,농기계,남,68세,사망,승용,남,48세,상해없음
2018082100100461,2018년 8월 21일 17시,화요일,세종특별자치시 세종특별자치시 장군면,경상사고,0,0,3,0,차대차 - 추돌,안전운전불이행,건조,맑음,단일로 - 기타,승용,여,39세,상해없음,승용,남,64세,경상
2018082300100038,2018년 8월 23일 03시,목요일,세종특별자치시 세종특별자치시 대평동,중상사고,0,1,0,0,차량단독 - 공작물충돌,안전운전불이행,건조,맑음,단일로 - 기타,이륜,남,38세,중상,,,,
2018082400100281,2018년 8월 24일 14시,금요일,세종특별자치시 세종특별자치시 어진동,경상사고,0,0,1,0,차대차 - 측면충돌,안전운전불이행,건조,맑음,단일로 - 기타,건설기계,남,45세,상해없음,승용,여,61세,경상
2018082400100282,2018년 8월 24일 14시,금요일,세종특별자치시 세종특별자치시 도담동,경상사고,0,0,2,0,차대차 - 기타,안전운전불이행,건조,맑음,단일로 - 기타,승용,남,30세,상해없음,승용,여,64세,경상
2018082400100523,2018년 8월 24일 21시,금요일,세종특별자치시 세종특별자치시 아름동,경상사고,0,0,2,0,차대차 - 측면충돌,안전운전불이행,건조,맑음,단일로 - 기타,화물,남,66세,상해없음,승용,남,30세,경상
2018082400100524,2018년 8월 24일 21시,금요일,세종특별자치시 세종특별자치시 연동면,중상사고,0,2,0,0,차대차 - 정면충돌,신호위반,건조,맑음,교차로 - 교차로안,화물,남,62세,상해없음,승용,남,64세,상해없음
2018082500100485,2018년 8월 25일 19시,토요일,세종특별자치시 세종특별자치시 나성동,경상사고,0,0,3,0,차대차 - 측면충돌,신호위반,건조,맑음,교차로 - 교차로부근,이륜,남,18세,경상,승용,남,65세,경상
2018082700100009,2018년 8월 27일 00시,월요일,세종특별자치시 세종특별자치시 고운동,중상사고,0,1,0,0,차대차 - 추돌,안전운전불이행,젖음/습기,비,단일로 - 기타,승용,남,28세,상해없음,이륜,남,23세,중상
2018082700100586,2018년 8월 27일 21시,월요일,세종특별자치시 세종특별자치시 조치원읍,경상사고,0,0,1,0,차대차 - 측면충돌,신호위반,젖음/습기,비,교차로 - 교차로안,승용,남,58세,상해없음,승용,여,67세,경상
2018082900100041,2018년 8월 29일 03시,수요일,세종특별자치시 세종특별자치시 새롬동,중상사고,0,2,0,0,차량단독 - 전도전복 - 전도,안전운전불이행,건조,맑음,단일로 - 기타,이륜,남,33세,중상,미분류,미분류,미분류,미분류
2018082900100294,2018년 8월 29일 14시,수요일,세종특별자치시 세종특별자치시 조치원읍,경상사고,0,0,1,0,차대차 - 측면충돌,안전운전불이행,건조,맑음,단일로 - 기타,이륜,남,48세,상해없음,승용,여,59세,경상
2018082900100473,2018년 8월 29일 19시,수요일,세종특별자치시 세종특별자치시 금남면,경상사고,0,0,2,0,차대차 - 정면충돌,안전운전불이행,건조,맑음,단일로 - 기타,승용,남,36세,상해없음,승용,여,51세,경상
2018083000100117,2018년 8월 30일 08시,목요일,세종특별자치시 세종특별자치시 한솔동,경상사고,0,0,1,0,차대차 - 측면충돌,안전운전불이행,건조,맑음,단일로 - 지하차도(도로)내,승용,남,34세,상해없음,승용,남,36세,경상
2018083000100172,2018년 8월 30일 10시,목요일,세종특별자치시 세종특별자치시 대평동,경상사고,0,0,1,0,차대차 - 추돌,안전운전불이행,젖음/습기,비,교차로 - 교차로부근,승용,남,74세,상해없음,승용,여,62세,경상
2018083000100387,2018년 8월 30일 17시,목요일,세종특별자치시 세종특별자치시 종촌동,경상사고,0,0,1,0,차대차 - 추돌,안전운전불이행,건조,맑음,단일로 - 기타,건설기계,남,57세,상해없음,승용,여,60세,경상
2018083100100423,2018년 8월 31일 17시,금요일,세종특별자치시 세종특별자치시 조치원읍,경상사고,0,0,1,0,차대차 - 추돌,안전거리미확보,건조,맑음,교차로 - 교차로안,승용,남,50세,상해없음,승용,남,52세,경상
2018090200100213,2018년 9월 2일 13시,일요일,세종특별자치시 세종특별자치시 아름동,경상사고,0,0,1,0,차대차 - 측면충돌,안전운전불이행,건조,맑음,교차로 - 교차로안,승용,남,38세,상해없음,이륜,남,21세,경상
2018090300100105,2018년 9월 3일 08시,월요일,세종특별자치시 세종특별자치시 반곡동,경상사고,0,0,1,0,차대차 - 추돌,안전운전불이행,건조,맑음,단일로 - 기타,승용,남,55세,상해없음,승용,여,35세,경상
2018090300100106,2018년 9월 3일 08시,월요일,세종특별자치시 세종특별자치시 어진동,경상사고,0,0,1,0,차대차 - 측면충돌,안전운전불이행,건조,맑음,단일로 - 기타,승용,남,18세,상해없음,승용,여,45세,경상
2018090300100248,2018년 9월 3일 12시,월요일,세종특별자치시 세종특별자치시 연기면,중상사고,0,2,0,0,차대차 - 측면충돌,신호위반,건조,맑음,교차로 - 교차로안,승용,남,63세,중상,승용,여,52세,중상
2018090300100422,2018년 9월 3일 17시,월요일,세종특별자치시 세종특별자치시 조치원읍,경상사고,0,0,2,0,차대차 - 측면충돌,안전운전불이행,건조,맑음,단일로 - 기타,이륜,남,61세,경상,이륜,남,47세,경상
2018090400100458,2018년 9월 4일 18시,화요일,세종특별자치시 세종특별자치시 보람동,경상사고,0,0,1,0,차대차 - 측면충돌,안전운전불이행,건조,맑음,단일로 - 기타,승용,여,57세,상해없음,자전거,남,11세,경상
2018090600100102,2018년 9월 6일 08시,목요일,세종특별자치시 세종특별자치시 어진동,경상사고,0,0,1,0,차대차 - 후진중충돌,안전운전불이행,건조,맑음,교차로 - 교차로부근,승용,남,53세,상해없음,승용,여,47세,경상
2018090600100273,2018년 9월 6일 14시,목요일,세종특별자치시 세종특별자치시 어진동,경상사고,0,0,1,0,차대차 - 기타,직진우회전진행방해,건조,맑음,교차로 - 교차로안,화물,남,36세,상해없음,승용,여,32세,경상
2018090800100090,2018년 9월 8일 05시,토요일,세종특별자치시 세종특별자치시 대평동,경상사고,0,0,1,0,차대차 - 기타,안전운전불이행,건조,맑음,교차로 - 교차로부근,승용,남,66세,상해없음,자전거,남,44세,경상
2018090800100125,2018년 9월 8일 07시,토요일,세종특별자치시 세종특별자치시 연서면,사망사고,1,1,0,0,차대차 - 정면충돌,중앙선침범,건조,맑음,단일로 - 기타,승용,남,25세,중상,승용,남,43세,사망
2018090800100638,2018년 9월 8일 22시,토요일,세종특별자치시 세종특별자치시 다정동,경상사고,0,0,1,0,차대차 - 측면충돌,안전운전불이행,건조,맑음,교차로 - 교차로안,승용,여,49세,상해없음,이륜,여,29세,경상