사고번호,사고일시,요일,시군구,사고내용,사망자수,중상자수,경상자수,부상신고자수,사고유형,법규위반,노면상태,기상상태,도로형태,가해운전자 차종,가해운전자 성별,가해운전자 연령,가해운전자 상해정도,피해운전자 차종,피해운전자 성별,피해운전자 연령,피해운전자 상해정도
2018090900100468,2018년 9월 9일 20시,일요일,세종특별자치시 세종특별자치시 다정동,경상사고,0,0,1,0,차대차 - 측면충돌,안전운전불이행,건조,맑음,교차로 - 교차로안,승용,남,45세,상해없음,승용,여,28세,경상
2018091000100086,2018년 9월 10일 07시,월요일,세종특별자치시 세종특별자치시 연기면,경상사고,0,0,1,0,차대차 - 측면충돌,안전운전불이행,건조,맑음,교차로 - 교차로안,이륜,여,67세,경상,승용,여,46세,상해없음
2018091000100652,2018년 9월 10일 20시,월요일,세종특별자치시 세종특별자치시 다정동,경상사고,0,0,1,0,차대차 - 측면충돌,안전운전불이행,건조,맑음,교차로 - 교차로안,승용,남,58세,상해없음,승용,남,27세,경상
2018091100100028,2018년 9월 11일 02시,화요일,세종특별자치시 세종특별자치시 나성동,경상사고,0,0,1,0,차대차 - 측면충돌,안전운전불이행,건조,맑음,단일로 - 기타,승용,여,42세,상해없음,이륜,남,35세,경상
2018091200100053,2018년 9월 12일 05시,수요일,세종특별자치시 세종특별자치시 금남면,경상사고,0,0,1,0,차대차 - 추돌,안전운전불이행,건조,맑음,단일로 - 기타,승용,남,39세,상해없음,승용,남,66세,경상
2018091200100068,2018년 9월 12일 06시,수요일,세종특별자치시 세종특별자치시 조치원읍,사망사고,1,0,0,0,차대차 - 측면충돌,불법유턴,건조,맑음,교차로 - 교차로안,자전거,남,73세,사망,승용,남,46세,상해없음
2018091200100069,2018년 9월 12일 06시,수요일,세종특별자치시 세종특별자치시 조치원읍,경상사고,0,0,1,0,차대사람 - 횡단중,안전운전불이행,건조,맑음,단일로 - 기타,승용,남,37세,상해없음,보행자,남,75세,경상
2018091200100310,2018년 9월 12일 12시,수요일,세종특별자치시 세종특별자치시 조치원읍,경상사고,0,0,1,0,차대차 - 측면충돌,안전운전불이행,건조,맑음,기타 - 기타,승용,남,78세,상해없음,자전거,남,80세,경상
2018091200100619,2018년 9월 12일 19시,수요일,세종특별자치시 세종특별자치시 새롬동,경상사고,0,0,1,0,차대차 - 측면충돌,안전운전불이행,건조,맑음,교차로 - 교차로안,승용,남,43세,상해없음,승용,여,41세,경상
2018091200100744,2018년 9월 12일 23시,수요일,세종특별자치시 세종특별자치시 어진동,경상사고,0,0,1,0,차대차 - 측면충돌,안전운전불이행,건조,맑음,교차로 - 교차로안,승용,남,25세,상해없음,승용,남,26세,경상
2018091300100394,2018년 9월 13일 16시,목요일,세종특별자치시 세종특별자치시 반곡동,경상사고,0,0,1,0,차대차 - 기타,안전운전불이행,건조,맑음,교차로 - 교차로안,화물,여,62세,상해없음,승용,여,52세,경상
2018091300100596,2018년 9월 13일 20시,목요일,세종특별자치시 세종특별자치시 대평동,경상사고,0,0,1,0,차대차 - 기타,안전운전불이행,건조,맑음,교차로 - 교차로부근,승용,남,44세,상해없음,승용,남,27세,경상
2018091400100386,2018년 9월 14일 15시,금요일,세종특별자치시 세종특별자치시 고운동,중상사고,0,1,0,0,차대사람 - 횡단중,기타,젖음/습기,흐림,단일로 - 기타,승용,남,28세,상해없음,보행자,남,12세,중상
2018091400100518,2018년 9월 14일 18시,금요일,세종특별자치시 세종특별자치시 조치원읍,중상사고,0,1,0,0,차대차 - 측면충돌,안전운전불이행,젖음/습기,흐림,단일로 - 기타,승용,여,35세,상해없음,이륜,여,74세,중상
2018091500100045,2018년 9월 15일 02시,토요일,세종특별자치시 세종특별자치시 다정동,중상사고,0,1,0,0,차대차 - 측면충돌,안전운전불이행,건조,맑음,교차로 - 교차로안,화물,남,34세,상해없음,승용,남,65세,중상
2018091500100465,2018년 9월 15일 17시,토요일,세종특별자치시 세종특별자치시 아름동,중상사고,0,1,0,0,차대차 - 측면충돌,안전운전불이행,건조,맑음,단일로 - 기타,승용,남,52세,상해없음,이륜,남,51세,중상
2018091600100015,2018년 9월 16일 00시,일요일,세종특별자치시 세종특별자치시 어진동,중상사고,0,2,2,0,차대차 - 측면충돌,신호위반,건조,맑음,교차로 - 교차로안,승용,남,18세,중상,승용,남,29세,경상
2018091600100166,2018년 9월 16일 10시,일요일,세종특별자치시 세종특별자치시 장군면,중상사고,0,1,1,0,차량단독 - 도로외이탈 - 추락,안전운전불이행,건조,맑음,단일로 - 기타,화물,남,53세,경상,,,,
2018091600100493,2018년 9월 16일 21시,일요일,세종특별자치시 세종특별자치시 연기면,경상사고,0,0,2,0,차대차 - 추돌,안전운전불이행,건조,맑음,단일로 - 기타,승용,남,22세,경상,건설기계,남,48세,상해없음
2018091700100360,2018년 9월 17일 15시,월요일,세종특별자치시 세종특별자치시 조치원읍,경상사고,0,0,1,0,차대차 - 측면충돌,안전운전불이행,건조,맑음,교차로 - 교차로부근,건설기계,남,61세,상해없음,승용,남,68세,경상
2018091700100361,2018년 9월 17일 15시,월요일,세종특별자치시 세종특별자치시 한솔동,중상사고,0,1,0,0,차대사람 - 기타,기타,건조,맑음,단일로 - 기타,승합,남,50세,상해없음,보행자,여,69세,중상
2018091700100496,2018년 9월 17일 18시,월요일,세종특별자치시 세종특별자치시 어진동,경상사고,0,0,1,0,차대차 - 측면충돌,신호위반,건조,맑음,교차로 - 교차로안,승용,남,64세,상해없음,승용,여,52세,경상
2018092000100525,2018년 9월 20일 18시,목요일,세종특별자치시 세종특별자치시 나성동,경상사고,0,0,1,0,차대차 - 측면충돌,안전운전불이행,건조,맑음,교차로 - 교차로안,승용,남,23세,상해없음,승용,여,31세,경상
2018092100100101,2018년 9월 21일 06시,금요일,세종특별자치시 세종특별자치시 나성동,중상사고,0,1,0,0,차대사람 - 기타,안전운전불이행,젖음/습기,비,단일로 - 기타,승용,남,68세,상해없음,보행자,여,22세,중상
2018092100100157,2018년 9월 21일 08시,금요일,세종특별자치시 세종특별자치시 한솔동,경상사고,0,0,1,0,차량단독 - 기타,안전운전불이행,건조,맑음,단일로 - 기타,승합,남,37세,상해없음,,,,
2018092100100790,2018년 9월 21일 21시,금요일,세종특별자치시 세종특별자치시 소정면,사망사고,1,0,0,0,차대사람 - 횡단중,안전운전불이행,건조,맑음,교차로 - 교차로부근,화물,남,60세,상해없음,보행자,남,63세,사망
2018092300100114,2018년 9월 23일 10시,일요일,세종특별자치시 세종특별자치시 조치원읍,중상사고,0,1,0,0,차대사람 - 길가장자리구역통행중,안전운전불이행,건조,맑음,단일로 - 기타,화물,남,54세,상해없음,보행자,남,57세,중상
2018092400100263,2018년 9월 24일 16시,월요일,세종특별자치시 세종특별자치시 조치원읍,부상신고사고,0,0,0,1,차대차 - 기타,안전운전불이행,건조,맑음,교차로 - 교차로안,이륜,남,25세,부상신고,승용,여,48세,상해없음
2018092500100024,2018년 9월 25일 02시,화요일,세종특별자치시 세종특별자치시 소정면,사망사고,1,0,0,0,차대사람 - 기타,안전운전불이행,건조,맑음,교차로 - 교차로안,화물,남,54세,상해없음,보행자,남,67세,사망
2018092500100125,2018년 9월 25일 11시,화요일,세종특별자치시 세종특별자치시 다정동,경상사고,0,0,2,0,차대차 - 측면충돌,신호위반,건조,맑음,교차로 - 교차로안,이륜,남,62세,경상,승용,남,44세,경상
2018092600100213,2018년 9월 26일 14시,수요일,세종특별자치시 세종특별자치시 아름동,경상사고,0,0,2,0,차대차 - 측면충돌,신호위반,건조,맑음,교차로 - 교차로안,승용,여,53세,경상,승용,남,56세,경상
2018092600100359,2018년 9월 26일 19시,수요일,세종특별자치시 세종특별자치시 종촌동,경상사고,0,0,1,0,차대차 - 측면충돌,신호위반,건조,맑음,교차로 - 교차로안,승용,남,25세,상해없음,승용,남,25세,경상
2018092600100360,2018년 9월 26일 19시,수요일,세종특별자치시 세종특별자치시 고운동,경상사고,0,0,4,0,차대차 - 측면충돌,안전운전불이행,건조,맑음,교차로 - 교차로안,승용,남,27세,상해없음,승용,남,29세,경상
2018092600100423,2018년 9월 26일 21시,수요일,세종특별자치시 세종특별자치시 조치원읍,경상사고,0,0,1,0,차대차 - 측면충돌,신호위반,건조,맑음,교차로 - 교차로안,이륜,남,19세,상해없음,승용,여,25세,경상
2018092700100413,2018년 9월 27일 16시,목요일,세종특별자치시 세종특별자치시 종촌동,경상사고,0,0,1,0,차대차 - 기타,안전운전불이행,건조,맑음,교차로 - 교차로안,승용,남,38세,상해없음,승용,여,36세,경상
2018092700100631,2018년 9월 27일 22시,목요일,세종특별자치시 세종특별자치시 조치원읍,중상사고,0,1,0,0,차대차 - 기타,안전운전불이행,건조,맑음,교차로 - 교차로부근,승용,남,64세,상해없음,이륜,남,26세,중상
2018092800100554,2018년 9월 28일 23시,금요일,세종특별자치시 세종특별자치시 도담동,경상사고,0,0,2,0,차대차 - 측면충돌,신호위반,건조,맑음,교차로 - 교차로안,이륜,남,42세,상해없음,승용,여,40세,경상
2018092900100428,2018년 9월 29일 17시,토요일,세종특별자치시 세종특별자치시 장군면,경상사고,0,0,2,0,차대차 - 추돌,안전운전불이행,건조,맑음,단일로 - 기타,건설기계,남,44세,상해없음,승용,여,52세,경상
2018093000100511,2018년 9월 30일 23시,일요일,세종특별자치시 세종특별자치시 장군면,경상사고,0,0,1,0,차량단독 - 기타,안전운전불이행,건조,맑음,단일로 - 기타,이륜,남,22세,경상,,,,
2018100100100209,2018년 10월 1일 11시,월요일,세종특별자치시 세종특별자치시 연기면,경상사고,0,0,1,0,차대차 - 기타,중앙선침범,젖음/습기,흐림,교차로 - 교차로부근,건설기계,남,55세,상해없음,승용,남,25세,기타불명
2018100100100282,2018년 10월 1일 13시,월요일,세종특별자치시 세종특별자치시 어진동,경상사고,0,0,1,0,차대차 - 기타,안전운전불이행,건조,흐림,교차로 - 교차로부근,승용,남,65세,상해없음,승용,남,45세,경상
2018100100100438,2018년 10월 1일 17시,월요일,세종특별자치시 세종특별자치시 보람동,경상사고,0,0,1,0,차대차 - 후진중충돌,안전운전불이행,젖음/습기,흐림,주차장 - 주차장,승용,남,37세,상해없음,승용,여,55세,경상
2018100200100262,2018년 10월 2일 12시,화요일,세종특별자치시 세종특별자치시 고운동,경상사고,0,0,1,0,차대차 - 추돌,안전운전불이행,건조,맑음,단일로 - 기타,승용,남,34세,상해없음,승용,여,37세,경상
2018100200100485,2018년 10월 2일 18시,화요일,세종특별자치시 세종특별자치시 금남면,중상사고,0,2,0,0,차대차 - 측면충돌,안전운전불이행,건조,맑음,교차로 - 교차로안,승용,남,50세,상해없음,이륜,남,78세,중상
2018100200100544,2018년 10월 2일 19시,화요일,세종특별자치시 세종특별자치시 소담동,중상사고,0,1,0,0,차대사람 - 보도통행중,기타,건조,맑음,교차로 - 교차로안,이륜,남,18세,상해없음,보행자,남,5세,중상
2018100300100226,2018년 10월 3일 12시,수요일,세종특별자치시 세종특별자치시 장군면,경상사고,0,0,1,0,차대사람 - 기타,안전운전불이행,건조,맑음,단일로 - 기타,승용,남,57세,기타불명,보행자,남,55세,경상
2018100300100371,2018년 10월 3일 16시,수요일,세종특별자치시 세종특별자치시 장군면,중상사고,0,1,0,0,차대차 - 기타,안전운전불이행,건조,맑음,교차로 - 교차로안,승합,남,58세,상해없음,승용,남,50세,중상
2018100400100050,2018년 10월 4일 05시,목요일,세종특별자치시 세종특별자치시 조치원읍,경상사고,0,0,1,0,차대차 - 추돌,안전운전불이행,건조,맑음,단일로 - 기타,승용,남,33세,상해없음,승합,남,64세,경상
2018100400100083,2018년 10월 4일 07시,목요일,세종특별자치시 세종특별자치시 장군면,중상사고,0,1,0,0,차량단독 - 기타,안전운전불이행,건조,맑음,단일로 - 기타,화물,남,55세,상해없음,,,,
2018100400100282,2018년 10월 4일 12시,목요일,세종특별자치시 세종특별자치시 보람동,중상사고,0,1,0,0,차대사람 - 횡단중,보행자보호의무위반,건조,맑음,교차로 - 교차로횡단보도내,승용,여,39세,상해없음,보행자,여,68세,중상
2018100400100393,2018년 10월 4일 15시,목요일,세종특별자치시 세종특별자치시 조치원읍,중상사고,0,1,0,0,차대차 - 측면충돌,안전운전불이행,건조,맑음,교차로 - 교차로안,승용,여,46세,상해없음,자전거,남,66세,중상
2018100500100012,2018년 10월 5일 00시,금요일,세종특별자치시 세종특별자치시 아름동,경상사고,0,0,1,0,차대차 - 기타,안전운전불이행,젖음/습기,비,교차로 - 교차로부근,승합,여,50세,상해없음,이륜,남,26세,경상
2018100500100063,2018년 10월 5일 05시,금요일,세종특별자치시 세종특별자치시 금남면,중상사고,0,1,1,0,차대차 - 추돌,안전운전불이행,젖음/습기,비,단일로 - 기타,승용,남,78세,중상,승용,남,43세,경상
2018100500100582,2018년 10월 5일 18시,금요일,세종특별자치시 세종특별자치시 어진동,경상사고,0,0,1,0,차대차 - 측면충돌,안전운전불이행,젖음/습기,비,교차로 - 교차로안,승용,여,40세,상해없음,승용,남,26세,경상
2018100600100191,2018년 10월 6일 07시,토요일,세종특별자치시 세종특별자치시 부강면,경상사고,0,0,1,0,차대차 - 측면충돌,안전운전불이행,젖음/습기,비,교차로 - 교차로안,승합,남,51세,상해없음,승합,남,46세,경상
2018100600100416,2018년 10월 6일 15시,토요일,세종특별자치시 세종특별자치시 전동면,경상사고,0,0,1,0,차대차 - 기타,안전운전불이행,건조,맑음,교차로 - 교차로부근,화물,남,55세,상해없음,이륜,여,60세,경상
2018100600100552,2018년 10월 6일 19시,토요일,세종특별자치시 세종특별자치시 장군면,경상사고,0,0,2,0,차대차 - 측면충돌,안전운전불이행,건조,맑음,단일로 - 기타,승용,여,47세,상해없음,승용,남,23세,경상
2018100800100048,2018년 10월 8일 06시,월요일,세종특별자치시 세종특별자치시 조치원읍,중상사고,0,1,0,0,차대차 - 측면충돌,안전운전불이행,건조,맑음,교차로 - 교차로안,승용,남,68세,상해없음,이륜,남,74세,중상
2018100800100136,2018년 10월 8일 09시,월요일,세종특별자치시 세종특별자치시 조치원읍,중상사고,0,1,0,0,차대차 - 측면충돌,안전운전불이행,건조,맑음,교차로 - 교차로안,승용,여,41세,상해없음,자전거,남,78세,중상
2018100900100102,2018년 10월 9일 06시,화요일,세종특별자치시 세종특별자치시 새롬동,경상사고,0,0,1,0,차대차 - 측면충돌,안전운전불이행,건조,맑음,교차로 - 교차로안,승용,여,32세,상해없음,승합,남,55세,경상
2018100900100114,2018년 10월 9일 07시,화요일,세종특별자치시 세종특별자치시 도담동,경상사고,0,0,1,0,차대차 - 측면충돌,안전운전불이행,건조,맑음,단일로 - 기타,승용,남,50세,상해없음,특수,남,44세,경상
2018100900100295,2018년 10월 9일 15시,화요일,세종특별자치시 세종특별자치시 장군면,중상사고,0,2,2,0,차대차 - 정면충돌,중앙선침범,건조,맑음,단일로 - 기타,승용,남,45세,경상,승용,여,33세,중상
2018101000100215,2018년 10월 10일 12시,수요일,세종특별자치시 세종특별자치시 금남면,중상사고,0,1,0,0,차대차 - 측면충돌,안전운전불이행,건조,맑음,단일로 - 기타,이륜,남,77세,중상,화물,남,64세,상해없음
2018101000100339,2018년 10월 10일 16시,수요일,세종특별자치시 세종특별자치시 조치원읍,중상사고,0,1,0,0,차대사람 - 횡단중,안전운전불이행,건조,맑음,교차로 - 교차로안,승용,여,47세,상해없음,보행자,남,84세,중상
2018101000100366,2018년 10월 10일 17시,수요일,세종특별자치시 세종특별자치시 조치원읍,경상사고,0,0,1,0,차대차 - 추돌,안전운전불이행,건조,맑음,교차로 - 교차로부근,승용,여,49세,상해없음,승용,여,24세,경상
2018101000100564,2018년 10월 10일 23시,수요일,세종특별자치시 세종특별자치시 나성동,경상사고,0,0,1,0,차대차 - 측면충돌,직진우회전진행방해,건조,맑음,교차로 - 교차로안,승용,남,36세,상해없음,승용,여,33세,경상
2018101100100009,2018년 10월 11일 00시,목요일,세종특별자치시 세종특별자치시 조치원읍,중상사고,0,1,0,0,차대차 - 추돌,안전운전불이행,건조,맑음,교차로 - 교차로부근,승용,남,45세,상해없음,승용,남,38세,중상
2018101100100145,2018년 10월 11일 09시,목요일,세종특별자치시 세종특별자치시 대평동,경상사고,0,0,1,0,차대차 - 추돌,안전운전불이행,건조,맑음,교차로 - 교차로부근,건설기계,남,33세,상해없음,승용,남,58세,경상
2018101100100541,2018년 10월 11일 20시,목요일,세종특별자치시 세종특별자치시 조치원읍,경상사고,0,0,2,0,차대사람 - 횡단중,안전운전불이행,건조,맑음,교차로 - 교차로안,화물,남,57세,상해없음,보행자,여,31세,경상
2018101300100114,2018년 10월 13일 07시,토요일,세종특별자치시 세종특별자치시 새롬동,경상사고,0,0,1,0,차대차 - 기타,안전운전불이행,건조,맑음,단일로 - 기타,자전거,남,33세,경상,승용,여,36세,상해없음
2018101400100345,2018년 10월 14일 18시,일요일,세종특별자치시 세종특별자치시 부강면,경상사고,0,0,1,0,차대차 - 측면충돌,안전운전불이행,건조,맑음,단일로 - 기타,승용,남,75세,경상,농기계,남,62세,상해없음
2018101500100099,2018년 10월 15일 08시,월요일,세종특별자치시 세종특별자치시 종촌동,경상사고,0,0,1,0,차대차 - 측면충돌,신호위반,건조,맑음,교차로 - 교차로안,승용,여,59세,상해없음,승용,여,47세,경상
2018101500100158,2018년 10월 15일 10시,월요일,세종특별자치시 세종특별자치시 전의면,중상사고,0,1,0,0,차대사람 - 길가장자리구역통행중,안전운전불이행,건조,맑음,단일로 - 기타,화물,남,41세,상해없음,보행자,남,57세,중상
2018101500100243,2018년 10월 15일 13시,월요일,세종특별자치시 세종특별자치시 소담동,경상사고,0,0,8,0,차대차 - 기타,중앙선침범,건조,맑음,교차로 - 교차로부근,승용,여,44세,상해없음,승합,남,39세,경상
2018101500100351,2018년 10월 15일 16시,월요일,세종특별자치시 세종특별자치시 소담동,중상사고,0,1,0,0,차대차 - 정면충돌,안전운전불이행,건조,맑음,단일로 - 기타,자전거,기타불명,미분류,기타불명,자전거,여,9세,중상
2018101600100319,2018년 10월 16일 15시,화요일,세종특별자치시 세종특별자치시 가람동,경상사고,0,0,2,0,차대차 - 측면충돌,안전운전불이행,건조,맑음,단일로 - 기타,건설기계,남,56세,경상,승용,남,71세,경상
2018101600100513,2018년 10월 16일 19시,화요일,세종특별자치시 세종특별자치시 조치원읍,경상사고,0,0,2,0,차대차 - 추돌,안전운전불이행,건조,맑음,단일로 - 기타,화물,남,56세,상해없음,승용,남,38세,경상
2018101700100329,2018년 10월 17일 14시,수요일,세종특별자치시 세종특별자치시 새롬동,경상사고,0,0,2,0,차대차 - 추돌,안전운전불이행,건조,맑음,단일로 - 기타,화물,남,62세,상해없음,승용,여,36세,경상
2018101700100512,2018년 10월 17일 18시,수요일,세종특별자치시 세종특별자치시 반곡동,경상사고,0,0,1,0,차대차 - 측면충돌,안전운전불이행,건조,맑음,교차로 - 교차로안,승합,남,57세,상해없음,승합,남,59세,경상
2018101800100109,2018년 10월 18일 08시,목요일,세종특별자치시 세종특별자치시 한솔동,경상사고,0,0,1,0,차대사람 - 횡단중,신호위반,건조,맑음,교차로 - 교차로횡단보도내,승용,남,41세,상해없음,보행자,남,14세,경상
2018101800100490,2018년 10월 18일 18시,목요일,세종특별자치시 세종특별자치시 조치원읍,경상사고,0,0,1,0,차대차 - 측면충돌,안전운전불이행,젖음/습기,비,교차로 - 교차로안,승용,남,52세,상해없음,이륜,남,55세,경상
2018101800100629,2018년 10월 18일 21시,목요일,세종특별자치시 세종특별자치시 소담동,경상사고,0,0,1,0,차대사람 - 횡단중,안전운전불이행,건조,흐림,기타 - 기타,승용,여,22세,상해없음,보행자,여,15세,경상
2018101900100593,2018년 10월 19일 18시,금요일,세종특별자치시 세종특별자치시 고운동,경상사고,0,0,1,0,차대차 - 정면충돌,안전운전불이행,건조,맑음,교차로 - 교차로안,승용,여,54세,상해없음,이륜,남,32세,경상
2018102000100294,2018년 10월 20일 12시,토요일,세종특별자치시 세종특별자치시 조치원읍,경상사고,0,0,1,0,차대차 - 측면충돌,안전운전불이행,건조,맑음,단일로 - 기타,화물,남,51세,상해없음,승용,남,28세,경상
2018102100100331,2018년 10월 21일 16시,일요일,세종특별자치시 세종특별자치시 장군면,부상신고사고,0,0,0,1,차량단독 - 기타,안전운전불이행,건조,맑음,기타 - 기타,승용,남,56세,부상신고,,,,
2018102100100374,2018년 10월 21일 17시,일요일,세종특별자치시 세종특별자치시 소담동,경상사고,0,0,2,0,차대차 - 추돌,안전거리미확보,건조,맑음,단일로 - 기타,승용,여,25세,상해없음,승용,여,41세,경상
2018102200100259,2018년 10월 22일 13시,월요일,세종특별자치시 세종특별자치시 금남면,경상사고,0,0,2,0,차대차 - 기타,안전운전불이행,건조,맑음,교차로 - 교차로부근,승용,남,43세,상해없음,이륜,남,84세,경상
2018102300100400,2018년 10월 23일 17시,화요일,세종특별자치시 세종특별자치시 나성동,경상사고,0,0,1,0,차대차 - 기타,안전운전불이행,건조,맑음,교차로 - 교차로부근,승용,남,43세,상해없음,승용,여,33세,경상
2018102400100172,2018년 10월 24일 09시,수요일,세종특별자치시 세종특별자치시 아름동,경상사고,0,0,1,0,차대차 - 기타,안전운전불이행,건조,맑음,단일로 - 기타,승용,남,25세,상해없음,자전거,여,42세,경상
2018102400100359,2018년 10월 24일 14시,수요일,세종특별자치시 세종특별자치시 장군면,중상사고,0,1,1,0,차대차 - 측면충돌,신호위반,건조,맑음,교차로 - 교차로안,승용,남,33세,상해없음,승용,여,47세,중상
2018102500100218,2018년 10월 25일 10시,목요일,세종특별자치시 세종특별자치시 조치원읍,경상사고,0,0,1,0,차대차 - 추돌,안전운전불이행,건조,맑음,단일로 - 기타,화물,남,45세,상해없음,승용,남,44세,경상
2018102500100443,2018년 10월 25일 16시,목요일,세종특별자치시 세종특별자치시 금남면,중상사고,0,1,0,0,차대차 - 측면충돌,안전운전불이행,건조,맑음,교차로 - 교차로안,건설기계,남,36세,상해없음,화물,남,48세,중상
2018102600100472,2018년 10월 26일 18시,금요일,세종특별자치시 세종특별자치시 종촌동,경상사고,0,0,1,0,차대차 - 추돌,안전운전불이행,건조,맑음,교차로 - 교차로안,승용,여,38세,상해없음,승용,여,26세,경상
2018102800100194,2018년 10월 28일 11시,일요일,세종특별자치시 세종특별자치시 어진동,중상사고,0,1,0,0,차대차 - 기타,신호위반,젖음/습기,흐림,교차로 - 교차로부근,승용,여,37세,상해없음,이륜,남,19세,중상
2018102800100242,2018년 10월 28일 13시,일요일,세종특별자치시 세종특별자치시 다정동,경상사고,0,0,1,0,차대차 - 측면충돌,안전운전불이행,건조,흐림,교차로 - 교차로부근,승용,여,30세,상해없음,승용,여,39세,경상
2018102800100330,2018년 10월 28일 16시,일요일,세종특별자치시 세종특별자치시 어진동,경상사고,0,0,1,0,차대차 - 기타,신호위반,건조,흐림,교차로 - 교차로횡단보도내,승용,남,40세,상해없음,자전거,여,10세,경상
2018102800100404,2018년 10월 28일 18시,일요일,세종특별자치시 세종특별자치시 연서면,경상사고,0,0,3,0,차대차 - 추돌,안전운전불이행,건조,맑음,교차로 - 교차로부근,승용,남,69세,상해없음,승용,남,52세,경상
2018102800100476,2018년 10월 28일 20시,일요일,세종특별자치시 세종특별자치시 조치원읍,경상사고,0,0,2,0,차대차 - 추돌,안전운전불이행,건조,맑음,교차로 - 교차로부근,승용,남,74세,상해없음,승용,여,44세,경상
2018102900100036,2018년 10월 29일 05시,월요일,세종특별자치시 세종특별자치시 연기면,경상사고,0,0,1,0,차대차 - 측면충돌,신호위반,건조,맑음,교차로 - 교차로안,승용,남,53세,상해없음,건설기계,남,43세,경상
2018102900100229,2018년 10월 29일 11시,월요일,세종특별자치시 세종특별자치시 도담동,경상사고,0,0,1,0,차대차 - 추돌,안전운전불이행,건조,맑음,교차로 - 교차로안,승용,여,33세,상해없음,승용,남,29세,경상
2018103000100124,2018년 10월 30일 08시,화요일,세종특별자치시 세종특별자치시 나성동,중상사고,0,1,0,0,차대차 - 측면충돌,안전운전불이행,건조,맑음,단일로 - 기타,승용,남,41세,상해없음,자전거,남,30세,중상
2018103000100277,2018년 10월 30일 12시,화요일,세종특별자치시 세종특별자치시 대평동,중상사고,0,1,1,0,차대차 - 기타,신호위반,건조,맑음,교차로 - 교차로안,이륜,남,29세,중상,승용,남,42세,경상
2018103000100419,2018년 10월 30일 16시,화요일,세종특별자치시 세종특별자치시 새롬동,경상사고,0,0,2,0,차대차 - 추돌,안전운전불이행,건조,맑음,단일로 - 기타,승용,여,52세,상해없음,승용,여,62세,경상
2018103100100494,2018년 10월 31일 18시,수요일,세종특별자치시 세종특별자치시 조치원읍,부상신고사고,0,0,0,1,차대사람 - 횡단중,신호위반,건조,맑음,교차로 - 교차로부근,승용,여,21세,상해없음,보행자,남,57세,부상신고
2018110100100085,2018년 11월 1일 07시,목요일,세종특별자치시 세종특별자치시 연동면,경상사고,0,0,1,0,차대차 - 측면충돌,신호위반,젖음/습기,안개,교차로 - 교차로안,승용,남,34세,상해없음,승용,남,31세,경상
2018110100100463,2018년 11월 1일 17시,목요일,세종특별자치시 세종특별자치시 조치원읍,경상사고,0,0,2,0,차대차 - 추돌,안전운전불이행,건조,맑음,단일로 - 기타,화물,남,43세,상해없음,승용,남,55세,경상
2018110100100517,2018년 11월 1일 18시,목요일,세종특별자치시 세종특별자치시 어진동,중상사고,0,1,0,0,차대차 - 측면충돌,신호위반,건조,맑음,교차로 - 교차로안,이륜,남,65세,중상,승용,남,26세,상해없음
2018110200100021,2018년 11월 2일 01시,금요일,세종특별자치시 세종특별자치시 종촌동,중상사고,0,1,1,0,차대차 - 측면충돌,안전운전불이행,건조,맑음,교차로 - 교차로안,승용,남,38세,상해없음,승용,여,64세,중상
2018110200100387,2018년 11월 2일 14시,금요일,세종특별자치시 세종특별자치시 전의면,경상사고,0,0,1,0,차대차 - 추돌,안전운전불이행,건조,맑음,단일로 - 기타,화물,남,61세,상해없음,건설기계,남,44세,경상
2018110200100678,2018년 11월 2일 19시,금요일,세종특별자치시 세종특별자치시 조치원읍,중상사고,0,1,0,0,차대사람 - 횡단중,신호위반,건조,맑음,단일로 - 기타,화물,남,27세,상해없음,보행자,여,23세,중상
2018110300100219,2018년 11월 3일 11시,토요일,세종특별자치시 세종특별자치시 대평동,경상사고,0,0,1,0,차대차 - 기타,신호위반,건조,맑음,교차로 - 교차로안,승용,남,44세,상해없음,승합,남,58세,경상
2018110300100421,2018년 11월 3일 16시,토요일,세종특별자치시 세종특별자치시 종촌동,경상사고,0,0,4,0,차대차 - 측면충돌,안전운전불이행,건조,맑음,단일로 - 기타,승용,여,39세,상해없음,승용,남,36세,경상
2018110400100228,2018년 11월 4일 13시,일요일,세종특별자치시 세종특별자치시 연서면,경상사고,0,0,1,0,차대차 - 측면충돌,안전운전불이행,건조,맑음,단일로 - 기타,승용,남,49세,상해없음,자전거,남,58세,경상